{"app_version":"1.0","default_required_controls":{"TIER_1":["Independent validation required","Full documentation pack (purpose, data, training, limitations)","Pre-deploy stress/robustness testing","Security testing suite (adversarial + abuse cases)","Bias & interpretability assessment (if applicable)","Monitoring dashboard + alert thresholds","Formal change control with rollback plan","Incident response runbook"],"TIER_2":["Peer validation (independent reviewer)","Standard documentation pack","Basic robustness tests","Basic security tests","Monitoring + periodic review","Controlled releases"],"TIER_3":["Basic documentation","Basic testing","Periodic spot checks / lightweight monitoring"]},"external_dependencies_scoring":{"0_deps":0,"1_2_deps":2,"3_plus_deps":4,"opaque_keywords":["openai","anthropic","vendor","3rd-party","external"],"opaque_vendor_bonus":2},"point_mappings":{"ai_type":{"AGENT":5,"LLM":4,"ML":3},"automation_level":{"ADVISORY":1,"FULLY_AUTOMATED":5,"HUMAN_APPROVAL":3},"data_sensitivity":{"CONFIDENTIAL":4,"INTERNAL":2,"PUBLIC":1,"REGULATED_PII":5},"decision_criticality":{"HIGH":5,"LOW":1,"MEDIUM":3},"deployment_mode":{"BATCH":2,"HUMAN_IN_LOOP":2,"INTERNAL_ONLY":1,"REAL_TIME":4}},"random_seed":null,"scoring_version":"1.0","tier_thresholds":{"TIER_1_MIN":22,"TIER_2_MIN":15}}