{"app_version":"1.0","artifacts":[{"name":"case1_executive_summary.md","path":"reports/case1/case1/case1_executive_summary.md","sha256":"94d47cf3da967073f7badda917fdcaea50c4ce2ee86d63cf0553c6992aa2e0ce"},{"name":"config_snapshot.json","path":"reports/case1/case1/config_snapshot.json","sha256":"47d33812453864172a02216eeb521b7a603dddc838f6696cc2968c9ab6292802"},{"name":"lifecycle_risk_map.json","path":"reports/case1/case1/lifecycle_risk_map.json","sha256":"d423eecdf55b9851aee06d8d0189f353c6b81365887b05a37a29bffffa996e2a"},{"name":"model_inventory.csv","path":"reports/case1/case1/model_inventory.csv","sha256":"6a1bf79fc332421eb220137e829da6e5fa74db3d4603a240f8969c187e718658"},{"name":"risk_tiering.json","path":"reports/case1/case1/risk_tiering.json","sha256":"11ac9c7652a820f57433043e20ff376ad6219698b945eeb5c4bc17055d3e8036"}],"generated_at":"2026-01-14T14:59:43.580919+00:00","inputs_hash":"43c88146346482c85337b695351b9819147233cea37409d6d033768d34d268cb","outputs_hash":"b5f9a2cc7b4fc0183a29f11043e3356761b4bc9cce5054f25f83d037553373b5","run_id":"case1","team_or_user":"AI Product Engineer Alex"}