{"scoring_version":"1.0","systems":[{"computed_at":"2026-01-14T14:55:05.991384+00:00","justification":"Automated tiering based on scoring version 1.0.","required_controls":["Basic documentation","Basic testing","Periodic spot checks / lightweight monitoring"],"risk_tier":"TIER_3","score_breakdown":{"ai_type":3,"automation_level":1,"data_sensitivity":1,"decision_criticality":1,"deployment_mode":2,"external_dependencies":2},"scoring_version":"1.0","system_id":"26d71134-bea5-48b6-a5fb-4e87633fb522","total_score":10}]}